names,prices,urls
Смартфон realme 9 Pro 5G 6/128GB Midnight Black (RMX3472),16999.0,https://www.mvideo.ru/products/smartfon-realme-9-pro-5g-6-128gb-midnight-black-rmx3472-30066554
Смартфон HUAWEI nova 10 SE 8/128Gb Starry Black,21999.0,https://www.mvideo.ru/products/smartfon-huawei-nova-10-se-8-128gb-starry-black-30065456
Смартфон Apple iPhone 14 Pro Max 256GB Deep Purple,124999.0,https://www.mvideo.ru/products/smartfon-apple-iphone-14-pro-max-256gb-deep-purple-30064946
Смартфон vivo V25e 8/128Gb Diamond Black,19999.0,https://www.mvideo.ru/products/smartfon-vivo-v25e-8-128gb-diamond-black-30065329
Смартфон Samsung Galaxy S23 Ultra 256GB Phantom Black (SM-S918/DS),99999.0,https://www.mvideo.ru/products/smartfon-samsung-galaxy-s23-ultra-256gb-phantom-black-sm-s918-ds-30067223
Смартфон Samsung Galaxy S23 256GB Phantom Black (SM-S911/DS),79999.0,https://www.mvideo.ru/products/smartfon-samsung-galaxy-s23-256gb-phantom-black-sm-s911-ds-30067205
Смартфон vivo V25e 8/128Gb Sunrise Gold,19999.0,https://www.mvideo.ru/products/smartfon-vivo-v25e-8-128gb-sunrise-gold-30065350
Смартфон Xiaomi Redmi 9A 32GB Granite Gray,5499.0,https://www.mvideo.ru/products/smartfon-xiaomi-redmi-9a-32gb-granite-gray-30051224
Смартфон POCO C40 3/32GB Power Black,5999.0,https://www.mvideo.ru/products/smartfon-poco-c40-3-32gb-power-black-30063629
Смартфон Apple iPhone 14 Pro Max 256GB Gold,132999.0,https://www.mvideo.ru/products/smartfon-apple-iphone-14-pro-max-256gb-gold-30064944
Смартфон Apple iPhone 14 Pro 256GB Space Black,122999.0,https://www.mvideo.ru/products/smartfon-apple-iphone-14-pro-256gb-space-black-30064913
Смартфон HUAWEI nova Y90 (CTR-LX1) Black,14299.0,https://www.mvideo.ru/products/smartfon-huawei-nova-y90-ctr-lx1-black-30064407
Смартфон Xiaomi Redmi 9C NFC 3GB/64GB Green,6999.0,https://www.mvideo.ru/products/smartfon-xiaomi-redmi-9c-nfc-3gb-64gb-green-30063443
Смартфон Samsung Galaxy A53 5G 8/256GB Black (SM-A536E),29799.0,https://www.mvideo.ru/products/smartfon-samsung-galaxy-a53-5g-8-256gb-black-sm-a536e-30063312
Смартфон HUAWEI nova 10 SE 8/128Gb Mint Green,21999.0,https://www.mvideo.ru/products/smartfon-huawei-nova-10-se-8-128gb-mint-green-30065454
Смартфон Xiaomi Redmi Note 11S 6GB/128B Graphite Gray,17999.0,https://www.mvideo.ru/products/smartfon-xiaomi-redmi-note-11s-6gb-128b-graphite-gray-30062385
Смартфон Apple iPhone 14 Pro 256GB Silver,122999.0,https://www.mvideo.ru/products/smartfon-apple-iphone-14-pro-256gb-silver-30064914
Смартфон HUAWEI nova 10 8/128GB Starry Silver,29999.0,https://www.mvideo.ru/products/smartfon-huawei-nova-10-8-128gb-starry-silver-30065450
Смартфон HUAWEI nova 10 pro 8/256Gb Starry Black,39999.0,https://www.mvideo.ru/products/smartfon-huawei-nova-10-pro-8-256gb-starry-black-30065178
Смартфон Apple iPhone 14 128GB Purple,75899.0,https://www.mvideo.ru/products/smartfon-apple-iphone-14-128gb-purple-30064864
Смартфон realme C35 4 / 128GB Glowing Black (RMX3511) черный,10999.0,https://www.mvideo.ru/products/smartfon-realme-c35-4---128gb-glowing-black-rmx3511-chernyi-30063711
Смартфон Xiaomi Redmi A1+ 32Gb Light Green,4999.0,https://www.mvideo.ru/products/smartfon-xiaomi-redmi-a1-32gb-light-green-30065372
Смартфон Honor 70 8+128Gb Midnight Black,35999.0,https://www.mvideo.ru/products/smartfon-honor-70-8128gb-midnight-black-30065641
Смартфон realme 9 Pro 5G 6/128GB Sunrise Blue (RMX3472),16999.0,https://www.mvideo.ru/products/smartfon-realme-9-pro-5g-6-128gb-sunrise-blue-rmx3472-30066555
Смартфон Samsung Galaxy A73 5G 8/256GB Mint (SM-A736B),34899.0,https://www.mvideo.ru/products/smartfon-samsung-galaxy-a73-5g-8-256gb-mint-sm-a736b-30063807
Смартфон realme 10 Pro 8/256GB Dark Matter (RMX3661),25999.0,https://www.mvideo.ru/products/smartfon-realme-10-pro-8-256gb-dark-matter-rmx3661-30066746
Смартфон Xiaomi Redmi Note 11 4GB/128GB Twilight Blue,15499.0,https://www.mvideo.ru/products/smartfon-xiaomi-redmi-note-11-4gb-128gb-twilight-blue-30062384
Смартфон Samsung Galaxy A13 4/64Gb черный,10999.0,https://www.mvideo.ru/products/smartfon-samsung-galaxy-a13-4-64gb-chernyi-30063254
Смартфон realme C31 3/32 Dark Green (RMX3501),6999.0,https://www.mvideo.ru/products/smartfon-realme-c31-3-32-dark-green-rmx3501-30063689
Смартфон Xiaomi Redmi 10C 4GB/64GB Mint Green,9999.0,https://www.mvideo.ru/products/smartfon-xiaomi-redmi-10c-4gb-64gb-mint-green-30063082
Смартфон Xiaomi 12T 256Gb Black,41999.0,https://www.mvideo.ru/products/smartfon-xiaomi-12t-256gb-black-30065233
Смартфон Samsung Galaxy A23 4/64GB White (SM-A235F),15299.0,https://www.mvideo.ru/products/smartfon-samsung-galaxy-a23-4-64gb-white-sm-a235f-30063302
Смартфон realme C30 4/64 Lake Blue (RMX3581),6999.0,https://www.mvideo.ru/products/smartfon-realme-c30-4-64-lake-blue-rmx3581-30064215
Смартфон Xiaomi Redmi A1+ 32Gb Light Blue,4999.0,https://www.mvideo.ru/products/smartfon-xiaomi-redmi-a1-32gb-light-blue-30065371
Смартфон realme GT Master Edition 8+256GB Voyager Grey (RMX3363),26999.0,https://www.mvideo.ru/products/smartfon-realme-gt-master-edition-8256gb-voyager-grey-rmx3363-30058844
Смартфон Tecno Pova 4 8/128Gb Cryoilite Blue,14999.0,https://www.mvideo.ru/products/smartfon-tecno-pova-4-8-128gb-cryoilite-blue-30065748
Смартфон Xiaomi 12T 128Gb Black,36999.0,https://www.mvideo.ru/products/smartfon-xiaomi-12t-128gb-black-30065230
Смартфон Tecno Spark Go 2/32GB Atlantic Blue,4999.0,https://www.mvideo.ru/products/smartfon-tecno-spark-go-2-32gb-atlantic-blue-30062034
Смартфон Tecno Spark 9 Pro 4/128Gb Quantum Black,11999.0,https://www.mvideo.ru/products/smartfon-tecno-spark-9-pro-4-128gb-quantum-black-30064451
Смартфон Xiaomi Redmi 9A 2/32GB Peacock Green,5499.0,https://www.mvideo.ru/products/smartfon-xiaomi-redmi-9a-2-32gb-peacock-green-30051226
Смартфон OPPO Reno8 T 8/128GB (CPH2481) Black,19999.0,https://www.mvideo.ru/products/smartfon-oppo-reno8-t-8-128gb-cph2481-black-400076212
Смартфон vivo Y21 4/64GB синий металлик,8999.0,https://www.mvideo.ru/products/smartfon-vivo-y21-4-64gb-sinii-metallik-30059734
Смартфон Xiaomi 11 Lite 5G NE 8+128GB Black,19999.0,https://www.mvideo.ru/products/smartfon-xiaomi-11-lite-5g-ne-8128gb-black-30059673
Смартфон Tecno POVA 3 6/128Gb Tech Silver,16999.0,https://www.mvideo.ru/products/smartfon-tecno-pova-3-6-128gb-tech-silver-30064454
Смартфон realme C30 2/32 Lake Blue (RMX3581),4999.0,https://www.mvideo.ru/products/smartfon-realme-c30-2-32-lake-blue-rmx3581-30064217
Смартфон realme C30 2/32 Bamboo Green (RMX3581),4999.0,https://www.mvideo.ru/products/smartfon-realme-c30-2-32-bamboo-green-rmx3581-30064218
Смартфон Samsung Galaxy A53 5G 6/128GB Black (SM-A536E),25999.0,https://www.mvideo.ru/products/smartfon-samsung-galaxy-a53-5g-6-128gb-black-sm-a536e-30063308
Смартфон Tecno POVA Neo 2 4/64Gb Gray,9999.0,https://www.mvideo.ru/products/smartfon-tecno-pova-neo-2-4-64gb-gray-400027191
Смартфон realme C35 4 / 128GB Glowing Green (RMX3511) зеленый,10999.0,https://www.mvideo.ru/products/smartfon-realme-c35-4---128gb-glowing-green-rmx3511-zelenyi-30063712
Смартфон Xiaomi 12T Pro 8/128Gb Black,54999.0,https://www.mvideo.ru/products/smartfon-xiaomi-12t-pro-8-128gb-black-30065259
Смартфон Apple iPhone 13 128GB (PRODUCT)RED (Dual Sim),64599.0,https://www.mvideo.ru/products/smartfon-apple-iphone-13-128gb-productred-dual-sim-30066510
Смартфон vivo Y33s 4/64GB Mirror Black (2109),11999.0,https://www.mvideo.ru/products/smartfon-vivo-y33s-4-64gb-mirror-black-2109-30061722
Смартфон HUAWEI P50 8/256GB Golden Black (ABR-LX9),39999.0,https://www.mvideo.ru/products/smartfon-huawei-p50-8-256gb-golden-black-abr-lx9-30064403
Смартфон Xiaomi 12 Lite 128Gb Lite Pink,34999.0,https://www.mvideo.ru/products/smartfon-xiaomi-12-lite-128gb-lite-pink-30063159
Смартфон Xiaomi Redmi 10 2022 64GB Sea Blue,12999.0,https://www.mvideo.ru/products/smartfon-xiaomi-redmi-10-2022-64gb-sea-blue-30063644
Смартфон Tecno Camon 19 6/128Gb Sea White,13999.0,https://www.mvideo.ru/products/smartfon-tecno-camon-19-6-128gb-sea-white-30063466
Смартфон ZTE Blade A31 (2+32GB) Grey,3999.0,https://www.mvideo.ru/products/smartfon-zte-blade-a31-232gb-grey-30058094
Смартфон realme GT Master Edition 6+128GB Daybreak Blue (RMX3363),24999.0,https://www.mvideo.ru/products/smartfon-realme-gt-master-edition-6128gb-daybreak-blue-rmx3363-30058842
Смартфон Itel A48 DS Black (L6006),4999.0,https://www.mvideo.ru/products/smartfon-itel-a48-ds-black-l6006-30055681
Смартфон Tecno POVA Neo 2 4/64Gb Blue,9999.0,https://www.mvideo.ru/products/smartfon-tecno-pova-neo-2-4-64gb-blue-400027221
Смартфон OPPO A55 4+64GB Black (CPH2325),9999.0,https://www.mvideo.ru/products/smartfon-oppo-a55-464gb-black-cph2325-30061564
Смартфон Xiaomi Redmi 10 2022 64GB Pebble White,12999.0,https://www.mvideo.ru/products/smartfon-xiaomi-redmi-10-2022-64gb-pebble-white-30063642
Смартфон Honor X6 4+64Gb Titanium Silver,9999.0,https://www.mvideo.ru/products/smartfon-honor-x6-464gb-titanium-silver-30066225
Смартфон Xiaomi 11T 8GB+256GB Gray,32999.0,https://www.mvideo.ru/products/smartfon-xiaomi-11t-8gb256gb-gray-30059677
Смартфон Samsung Galaxy A13 4/128GB Black (SM-A137F/DSN),14899.0,https://www.mvideo.ru/products/smartfon-samsung-galaxy-a13-4-128gb-black-sm-a137f-dsn-30066701
Смартфон Samsung Galaxy A23 4/64GB Peach (SM-A235F),15299.0,https://www.mvideo.ru/products/smartfon-samsung-galaxy-a23-4-64gb-peach-sm-a235f-30063301
Смартфон Xiaomi 12T 128Gb Silver,36999.0,https://www.mvideo.ru/products/smartfon-xiaomi-12t-128gb-silver-30065232
Смартфон Xiaomi Redmi Note 11 Pro 8GB/128GB White,26999.0,https://www.mvideo.ru/products/smartfon-xiaomi-redmi-note-11-pro-8gb-128gb-white-30063002
Смартфон Xiaomi 12 Purple 12GB 256GB,60999.0,https://www.mvideo.ru/products/smartfon-xiaomi-12-purple-12gb-256gb-30063091
Смартфон Apple iPhone 14 Pro Max 256GB Space Black eSIM,132499.0,https://www.mvideo.ru/products/smartfon-apple-iphone-14-pro-max-256gb-space-black-esim-30065141
Смартфон realme 8i 4+64GB Space Black (RMX3151),14999.0,https://www.mvideo.ru/products/smartfon-realme-8i-464gb-space-black-rmx3151-30059567
Смартфон Wiko T3 4/128GB Classic Black,8999.0,https://www.mvideo.ru/products/smartfon-wiko-t3-4-128gb-classic-black-30064330
Смартфон Apple iPhone 14 Pro 256GB Gold eSIM,117499.0,https://www.mvideo.ru/products/smartfon-apple-iphone-14-pro-256gb-gold-esim-30064950
Смартфон ZTE Blade A51 lite 2+32GB Green,3999.0,https://www.mvideo.ru/products/smartfon-zte-blade-a51-lite-232gb-green-30059472
Смартфон realme C31 4/64 Dark Green (RMX3501),7999.0,https://www.mvideo.ru/products/smartfon-realme-c31-4-64-dark-green-rmx3501-30064211
Смартфон Honor X7 4/128 Midnight Black,14999.0,https://www.mvideo.ru/products/smartfon-honor-x7-4-128-midnight-black-30065646
Смартфон Samsung Galaxy A53 8/128Gb White ALG 2022,27999.0,https://www.mvideo.ru/products/smartfon-samsung-galaxy-a53-8-128gb-white-alg-2022-30064203
Смартфон Itel A27 A551L 2/32Gb Crystal Blue,3999.0,https://www.mvideo.ru/products/smartfon-itel-a27-a551l-2-32gb-crystal-blue-30065237
Смартфон Itel A27 A551L 2/32Gb Deep Gray,3999.0,https://www.mvideo.ru/products/smartfon-itel-a27-a551l-2-32gb-deep-gray-30065238
Смартфон realme C25S 4+64GB Water Grey (RMX3195),12999.0,https://www.mvideo.ru/products/smartfon-realme-c25s-464gb-water-grey-rmx3195-30060762
Смартфон Honor X7 4/128 Ocean Blue,14999.0,https://www.mvideo.ru/products/smartfon-honor-x7-4-128-ocean-blue-30065648
Смартфон Xiaomi 11T Pro 12GB+256GB Blue,45999.0,https://www.mvideo.ru/products/smartfon-xiaomi-11t-pro-12gb256gb-blue-30059683
Смартфон vivo V25 Pro 12/256Gb Starlight Black,54999.0,https://www.mvideo.ru/products/smartfon-vivo-v25-pro-12-256gb-starlight-black-30065354
Смартфон Apple iPhone 14 Pro 512GB Gold,140999.0,https://www.mvideo.ru/products/smartfon-apple-iphone-14-pro-512gb-gold-30064923
Смартфон Tecno POP 6 Pro 2/32Gb Peaceful Blue,5499.0,https://www.mvideo.ru/products/smartfon-tecno-pop-6-pro-2-32gb-peaceful-blue-30065355
Смартфон Samsung Galaxy A03 32GB Black (SM-A035F),7599.0,https://www.mvideo.ru/products/smartfon-samsung-galaxy-a03-32gb-black-sm-a035f-30066502
Смартфон Xiaomi Redmi Note 11 Pro+ 5G 8/128GB Green,33999.0,https://www.mvideo.ru/products/smartfon-xiaomi-redmi-note-11-pro-5g-8-128gb-green-30065275
Смартфон Itel A17 DS 16+1GB Dark Blue (W5006X),3999.0,https://www.mvideo.ru/products/smartfon-itel-a17-ds-161gb-dark-blue-w5006x-30060638
Смартфон Apple iPhone 14 Pro Max 512GB Gold eSIM,152999.0,https://www.mvideo.ru/products/smartfon-apple-iphone-14-pro-max-512gb-gold-esim-30065147
Смартфон Honor X7 4/128 Midnight Black,14999.0,https://www.mvideo.ru/products/smartfon-honor-x7-4-128-midnight-black-30064361
Смартфон Xiaomi Redmi 10 4+64GB Carbon Gray,13999.0,https://www.mvideo.ru/products/smartfon-xiaomi-redmi-10-464gb-carbon-gray-30059029
Смартфон Apple iPhone SE 128GB White (MHGU3RU/A),35999.0,https://www.mvideo.ru/products/smartfon-apple-iphone-se-128gb-white-mhgu3ru-a-30053933
Смартфон Tecno Spark 9 Pro Sport Edition,11999.0,https://www.mvideo.ru/products/smartfon-tecno-spark-9-pro-sport-edition-400036016
Смартфон Xiaomi 12 Blue 8GB 128GB,53999.0,https://www.mvideo.ru/products/smartfon-xiaomi-12-blue-8gb-128gb-30063101
Смартфон Samsung Galaxy A04 3/32GB Black (SM-A045F),9999.0,https://www.mvideo.ru/products/smartfon-samsung-galaxy-a04-3-32gb-black-sm-a045f-30066542
Смартфон Samsung Galaxy A53 5G 6/128GB Black (SM-A536B/DS),25999.0,https://www.mvideo.ru/products/smartfon-samsung-galaxy-a53-5g-6-128gb-black-sm-a536b-ds-30066680
Смартфон realme 10 (4G) 8/256Gb Rush Black черный,20999.0,https://www.mvideo.ru/products/smartfon-realme-10-4g-8-256gb-rush-black-chernyi-30065762
Смартфон OPPO A55 4+128GB Black (CPH2325),10999.0,https://www.mvideo.ru/products/smartfon-oppo-a55-4128gb-black-cph2325-30061562
Смартфон Inoi А72 2/32GB Candy Red,6999.0,https://www.mvideo.ru/products/smartfon-inoi-a72-2-32gb-candy-red-400047726
Смартфон Apple iPhone 14 Pro Max 1TB Deep Purple eSIM,168999.0,https://www.mvideo.ru/products/smartfon-apple-iphone-14-pro-max-1tb-deep-purple-esim-30065152
Смартфон vivo Y02 2/32GB Orchid Blue (v2217),7999.0,https://www.mvideo.ru/products/smartfon-vivo-y02-2-32gb-orchid-blue-v2217-400056308
Смартфон Apple iPhone 13 512GB Midnight,94999.0,https://www.mvideo.ru/products/smartfon-apple-iphone-13-512gb-midnight-30063544
Смартфон Xiaomi Redmi 10 4+128GB Carbon Gray,15999.0,https://www.mvideo.ru/products/smartfon-xiaomi-redmi-10-4128gb-carbon-gray-30059028
Смартфон realme C21-Y 3+32GB Cross Blue (RMX3263),7999.0,https://www.mvideo.ru/products/smartfon-realme-c21-y-332gb-cross-blue-rmx3263-30060096
Смартфон realme 10 4G 4/128Gb Clash White,15999.0,https://www.mvideo.ru/products/smartfon-realme-10-4g-4-128gb-clash-white-30065765
Смартфон Wiko T10 2/64Gb Midnight Black,5999.0,https://www.mvideo.ru/products/smartfon-wiko-t10-2-64gb-midnight-black-30065139
Смартфон Inoi А72 4/64GB Midnight Blue,7999.0,https://www.mvideo.ru/products/smartfon-inoi-a72-4-64gb-midnight-blue-400047906
Смартфон OPPO A17k 3/64Gb Navy blue,6999.0,https://www.mvideo.ru/products/smartfon-oppo-a17k-3-64gb-navy-blue-30066068
Смартфон Apple iPhone 14 Pro Max 512GB Silver,158999.0,https://www.mvideo.ru/products/smartfon-apple-iphone-14-pro-max-512gb-silver-30064949
Смартфон Samsung Galaxy S23 128GB Cream (SM-S911/DS),74999.0,https://www.mvideo.ru/products/smartfon-samsung-galaxy-s23-128gb-cream-sm-s911-ds-30067200
Смартфон OPPO A57s 4/128Gb Black,11999.0,https://www.mvideo.ru/products/smartfon-oppo-a57s-4-128gb-black-30066062
Смартфон realme C30 2/32Gb Lake Blue (RMX3581),4899.0,https://www.mvideo.ru/products/smartfon-realme-c30-2-32gb-lake-blue-rmx3581-30065190
Смартфон realme 9 5G 4/64GB Stargaze White,14999.0,https://www.mvideo.ru/products/smartfon-realme-9-5g-4-64gb-stargaze-white-30064648
Смартфон Samsung Galaxy Z Fold4 12/256GB Beige (SM-F936B),109499.0,https://www.mvideo.ru/products/smartfon-samsung-galaxy-z-fold4-12-256gb-beige-sm-f936b-30065098
Смартфон ZTE Blade A72 3/64GB Grey,9999.0,https://www.mvideo.ru/products/smartfon-zte-blade-a72-3-64gb-grey-30066293
Смартфон Samsung Galaxy A03s 3/32GB Black (SM-A037F),6999.0,https://www.mvideo.ru/products/smartfon-samsung-galaxy-a03s-3-32gb-black-sm-a037f-30064032
Смартфон ZTE Blade A52 4/64GB Blue,8999.0,https://www.mvideo.ru/products/smartfon-zte-blade-a52-4-64gb-blue-30066291
Смартфон ZTE Blade L9 1/32GB Grey,4499.0,https://www.mvideo.ru/products/smartfon-zte-blade-l9-1-32gb-grey-30066289
Смартфон Apple iPhone 14 Pro Max 512GB Gold,158999.0,https://www.mvideo.ru/products/smartfon-apple-iphone-14-pro-max-512gb-gold-30064951
Смартфон Vertex Luck L130 4G Black,5499.0,https://www.mvideo.ru/products/smartfon-vertex-luck-l130-4g-black-30064726
Смартфон Apple iPhone 14 Pro 512GB Space Black,140999.0,https://www.mvideo.ru/products/smartfon-apple-iphone-14-pro-512gb-space-black-30064920
Смартфон Itel A25 DS Starry Black,4499.0,https://www.mvideo.ru/products/smartfon-itel-a25-ds-starry-black-30064324
Смартфон ZTE Blade L210 1/32GB Black,4199.0,https://www.mvideo.ru/products/smartfon-zte-blade-l210-1-32gb-black-30066290
Смартфон Infinix Hot 11S X6812B 64Gb 4Gb Violet,9999.0,https://www.mvideo.ru/products/smartfon-infinix-hot-11s-x6812b-64gb-4gb-violet-30064564
Смартфон realme 9 5G 4/128GB Stargaze White,15999.0,https://www.mvideo.ru/products/smartfon-realme-9-5g-4-128gb-stargaze-white-30064647
Смартфон POCO M5 4/128Gb Yellow,15999.0,https://www.mvideo.ru/products/smartfon-poco-m5-4-128gb-yellow-30064578
Смартфон Tecno Spark 9 Pro 4/128Gb Glacier White,11999.0,https://www.mvideo.ru/products/smartfon-tecno-spark-9-pro-4-128gb-glacier-white-30066080
Смартфон Xiaomi Redmi 10A 32GB Chrome Silver,7499.0,https://www.mvideo.ru/products/smartfon-xiaomi-redmi-10a-32gb-chrome-silver-30064567
Смартфон Infinix Smart 6 Plus X6823C 3/64GB Blue,6499.0,https://www.mvideo.ru/products/smartfon-infinix-smart-6-plus-x6823c-3-64gb-blue-400021173
Смартфон Apple iPhone 14 Pro 128GB Silver eSIM,111199.0,https://www.mvideo.ru/products/smartfon-apple-iphone-14-pro-128gb-silver-esim-30064938
Смартфон OPPO A57s 4/128Gb Blue,11999.0,https://www.mvideo.ru/products/smartfon-oppo-a57s-4-128gb-blue-30066063
Смартфон Apple iPhone 14 Pro Max 512GB Space Black (Dual Sim),152999.0,https://www.mvideo.ru/products/smartfon-apple-iphone-14-pro-max-512gb-space-black-dual-sim-30065563
Смартфон Infinix Smart 6 X6511 32Gb 2Gb Black,5999.0,https://www.mvideo.ru/products/smartfon-infinix-smart-6-x6511-32gb-2gb-black-30064415
Смартфон Samsung Galaxy A13 4/128GB (SM-A137F) белый,14899.0,https://www.mvideo.ru/products/smartfon-samsung-galaxy-a13-4-128gb-sm-a137f-belyi-30066116
Смартфон Apple iPhone 14 Pro Max 1TB Silver eSIM,168999.0,https://www.mvideo.ru/products/smartfon-apple-iphone-14-pro-max-1tb-silver-esim-30065150
Смартфон POCO X5 5G 8GB+256GB Black (45038),23999.0,https://www.mvideo.ru/products/smartfon-poco-x5-5g-8gb256gb-black-45038-400083346
Смартфон Infinix Hot 20i 4/64Gb Lite Blue (X665E),7499.0,https://www.mvideo.ru/products/smartfon-infinix-hot-20i-4-64gb-lite-blue-x665e-400040130
Смартфон Samsung Galaxy M23 6/128GB Orange Copper (SM-M236B),18499.0,https://www.mvideo.ru/products/smartfon-samsung-galaxy-m23-6-128gb-orange-copper-sm-m236b-30065886
Смартфон Honor X7A 4/128GB 5109AMLS Ocean Blue,15999.0,https://www.mvideo.ru/products/smartfon-honor-x7a-4-128gb-5109amls-ocean-blue-400078850
Смартфон Samsung Galaxy S22 (5G) 8/128Gb фиолетовый,59999.0,https://www.mvideo.ru/products/smartfon-samsung-galaxy-s22-5g-8-128gb-fioletovyi-30065803
"Как новый Смартфон Apple iPhone 11 128GB Black,идеальный",38990.0,https://www.mvideo.ru/products/kak-novyi-smartfon-apple-iphone-11-128gb-blackidealnyi-4195121
Смартфон Infinix Note 12 Pro 8/256Gb Lite Blue,20690.0,https://www.mvideo.ru/products/smartfon-infinix-note-12-pro-8-256gb-lite-blue-400034301
Смартфон Samsung Galaxy A23 4/64Gb Black,18490.0,https://www.mvideo.ru/products/smartfon-samsung-galaxy-a23-4-64gb-black-400007822
Смартфон Tecno Spark 8c 4/64 Diamond Gray,6890.0,https://www.mvideo.ru/products/smartfon-tecno-spark-8c-4-64-diamond-gray-4199542
Смартфон Samsung Galaxy A13 4/64Gb White,13290.0,https://www.mvideo.ru/products/smartfon-samsung-galaxy-a13-4-64gb-white-400007788
"Смартфон Samsung Galaxy A23 4/64 GB, Light Blue",18190.0,https://www.mvideo.ru/products/smartfon-samsung-galaxy-a23-4-64-gb-light-blue-400009321
Смартфон OPPO A55 4/64Gb Light blue,14990.0,https://www.mvideo.ru/products/smartfon-oppo-a55-4-64gb-light-blue-400050153
Смартфон Apple iPhone 14 Plus 128GB Blue,93990.0,https://www.mvideo.ru/products/smartfon-apple-iphone-14-plus-128gb-blue-400038739
"Смартфон Samsung Galaxy S22 (SM-S901E) 8/128 GB, Phantom White",58490.0,https://www.mvideo.ru/products/smartfon-samsung-galaxy-s22-sm-s901e-8-128-gb-phantom-white-400016333
Смартфон Apple iPhone 14 128GB Purple,82490.0,https://www.mvideo.ru/products/smartfon-apple-iphone-14-128gb-purple-400033070
Смартфон Apple iPhone 14 128GB Starlight,82490.0,https://www.mvideo.ru/products/smartfon-apple-iphone-14-128gb-starlight-400033043
Смартфон Apple iPhone 14 Pro 128GB Deep Purple,113990.0,https://www.mvideo.ru/products/smartfon-apple-iphone-14-pro-128gb-deep-purple-400027365
Смартфон Apple iPhone 14 Plus 256GB Purple,98990.0,https://www.mvideo.ru/products/smartfon-apple-iphone-14-plus-256gb-purple-400038750
Смартфон Apple iPhone 14 Plus 128GB Starlight,93990.0,https://www.mvideo.ru/products/smartfon-apple-iphone-14-plus-128gb-starlight-400038745
Смартфон Samsung Galaxy M23 5G 6/128Gb Green (SM-M236BZGHMEA),20690.0,https://www.mvideo.ru/products/smartfon-samsung-galaxy-m23-5g-6-128gb-green-sm-m236bzghmea-400031891
Смартфон Samsung Galaxy A53 5G 8/256Gb Black (SM-A536EZKHMEA),32490.0,https://www.mvideo.ru/products/smartfon-samsung-galaxy-a53-5g-8-256gb-black-sm-a536ezkhmea-400031540
Смартфон Apple iPhone 14 Pro Max 256GB Deep Purple,134990.0,https://www.mvideo.ru/products/smartfon-apple-iphone-14-pro-max-256gb-deep-purple-400081943
Смартфон Samsung Galaxy S22 Ultra 256GB Phantom Black (SM-S908E/DS),95990.0,https://www.mvideo.ru/products/smartfon-samsung-galaxy-s22-ultra-256gb-phantom-black-sm-s908e-ds-400018820
Смартфон Samsung Galaxy S22+ 5G 256GB Phantom White (SM-S906E/DS),81990.0,https://www.mvideo.ru/products/smartfon-samsung-galaxy-s22-5g-256gb-phantom-white-sm-s906e-ds-400018828
Смартфон Apple iPhone 14 Pro Max 1 ТБ Space Black,189990.0,https://www.mvideo.ru/products/smartfon-apple-iphone-14-pro-max-1-tb-space-black-400081954
Смартфон Xiaomi Redmi Note 10S 8/128GB White,19590.0,https://www.mvideo.ru/products/smartfon-xiaomi-redmi-note-10s-8-128gb-white-400060398
Смартфон Samsung Galaxy S23 Ultra 256GB Cream,114990.0,https://www.mvideo.ru/products/smartfon-samsung-galaxy-s23-ultra-256gb-cream-400083911
Смартфон Apple iPhone 14 256GB Midnight,96590.0,https://www.mvideo.ru/products/smartfon-apple-iphone-14-256gb-midnight-400033077
Смартфон Apple iPhone 14 Pro Max 256GB Space Black,134990.0,https://www.mvideo.ru/products/smartfon-apple-iphone-14-pro-max-256gb-space-black-400081904
Смартфон Xiaomi Redmi Note 10S 8/128GB Grey,19590.0,https://www.mvideo.ru/products/smartfon-xiaomi-redmi-note-10s-8-128gb-grey-400060401
Смартфон Apple iPhone 14 Pro 256GB Deep Purple,126990.0,https://www.mvideo.ru/products/smartfon-apple-iphone-14-pro-256gb-deep-purple-400027327
Смартфон HTC Wildfire E Lite 2/16GB Black,5890.0,https://www.mvideo.ru/products/smartfon-htc-wildfire-e-lite-2-16gb-black-400052475
"Смартфон Nubia RedMagic 7, 12G/128G/Balck",59990.0,https://www.mvideo.ru/products/smartfon-nubia-redmagic-7-12g-128g-balck-400073503
Смартфон Xiaomi 12 Lite 8/256Gb Black,42990.0,https://www.mvideo.ru/products/smartfon-xiaomi-12-lite-8-256gb-black-400084154
Смартфон Black Shark 5 Pro 12/256GB Black,59990.0,https://www.mvideo.ru/products/smartfon-black-shark-5-pro-12-256gb-black-400055898
Смартфон Samsung Galaxy S23 Ultra 256GB Beige,111990.0,https://www.mvideo.ru/products/smartfon-samsung-galaxy-s23-ultra-256gb-beige-400083418
"Как новый Смартфон Apple iPhone 11 Pro 64GB Silver,идеальный",42490.0,https://www.mvideo.ru/products/kak-novyi-smartfon-apple-iphone-11-pro-64gb-silveridealnyi-4195111
"Как новый Смартфон Apple iPhone 11 Pro 64GB Space Gray,идеальный",42490.0,https://www.mvideo.ru/products/kak-novyi-smartfon-apple-iphone-11-pro-64gb-space-grayidealnyi-4195108
"Как новый Смартфон Apple iPhone 11 128GB Yellow,идеальный",38990.0,https://www.mvideo.ru/products/kak-novyi-smartfon-apple-iphone-11-128gb-yellowidealnyi-4195125
Смартфон Xiaomi Redmi 10C NFC 4/128Gb Graphite,14190.0,https://www.mvideo.ru/products/smartfon-xiaomi-redmi-10c-nfc-4-128gb-graphite-400020233
Смартфон Xiaomi 12X 8/128Gb Violet,45890.0,https://www.mvideo.ru/products/smartfon-xiaomi-12x-8-128gb-violet-400020090
Смартфон Tecno Spark 8с 4/64GB Magnet Black,6890.0,https://www.mvideo.ru/products/smartfon-tecno-spark-8s-4-64gb-magnet-black-4199527
Смартфон Xiaomi Redmi 10 2022 128GB Sea Blue,14790.0,https://www.mvideo.ru/products/smartfon-xiaomi-redmi-10-2022-128gb-sea-blue-4199557
Смартфон Apple iPhone 14 Pro Max 512GB Silver,163990.0,https://www.mvideo.ru/products/smartfon-apple-iphone-14-pro-max-512gb-silver-400081945
Смартфон Apple iPhone 14 Pro 256GB Space Black,126990.0,https://www.mvideo.ru/products/smartfon-apple-iphone-14-pro-256gb-space-black-400027288
Смартфон Apple iPhone 14 Pro Max 128GB Space Black,124990.0,https://www.mvideo.ru/products/smartfon-apple-iphone-14-pro-max-128gb-space-black-400027331
Смартфон Apple iPhone 14 Pro 128GB Gold,114490.0,https://www.mvideo.ru/products/smartfon-apple-iphone-14-pro-128gb-gold-400033044
Смартфон Apple iPhone 14 Pro 1TB Deep Purple,164990.0,https://www.mvideo.ru/products/smartfon-apple-iphone-14-pro-1tb-deep-purple-400033071
Смартфон Apple iPhone 14 Pro Max 128GB Gold,124990.0,https://www.mvideo.ru/products/smartfon-apple-iphone-14-pro-max-128gb-gold-400081951
Смартфон Apple iPhone 14 Pro Max 512GB Space Black,163990.0,https://www.mvideo.ru/products/smartfon-apple-iphone-14-pro-max-512gb-space-black-400081916
Смартфон Apple iPhone 14 Plus 128GB (PRODUCT)RED,93990.0,https://www.mvideo.ru/products/smartfon-apple-iphone-14-plus-128gb-productred-400038742
Смартфон HUAWEI Nova Y61 4/64GB Green (EVE-LX9N),9890.0,https://www.mvideo.ru/products/smartfon-huawei-nova-y61-4-64gb-green-eve-lx9n-400068053
Смартфон Ulefone Armor X5 red/красный,8990.0,https://www.mvideo.ru/products/smartfon-ulefone-armor-x5-red-krasnyi-400079201
Смартфон Samsung (A525F) Galaxy A52 4/128Gb Black,25790.0,https://www.mvideo.ru/products/smartfon-samsung-a525f-galaxy-a52-4-128gb-black-400043797
Смартфон Google Pixel 6 8/128Gb Kinda Coral,47890.0,https://www.mvideo.ru/products/smartfon-google-pixel-6-8-128gb-kinda-coral-400043603
Смартфон Infinix Hot 20 X6826B 128Gb 6Gb белый,12890.0,https://www.mvideo.ru/products/smartfon-infinix-hot-20-x6826b-128gb-6gb-belyi-400071010
Смартфон Samsung Galaxy A73 5G 8/128GB Awesome White,37990.0,https://www.mvideo.ru/products/smartfon-samsung-galaxy-a73-5g-8-128gb-awesome-white-400018798
Смартфон Xiaomi Redmi Note 10 Pro 8/128GB (NFC) Bronze,24290.0,https://www.mvideo.ru/products/smartfon-xiaomi-redmi-note-10-pro-8-128gb-nfc-bronze-400020385
Смартфон Xiaomi 12X 8/256Gb Blue,52190.0,https://www.mvideo.ru/products/smartfon-xiaomi-12x-8-256gb-blue-400020096
Смартфон Samsung Galaxy A13 3/32Gb Light Blue,11390.0,https://www.mvideo.ru/products/smartfon-samsung-galaxy-a13-3-32gb-light-blue-400006397
Смартфон Infinix Hot 12 play 4/64Gb Gold,9470.0,https://www.mvideo.ru/products/smartfon-infinix-hot-12-play-4-64gb-gold-400018085
Смартфон Samsung Galaxy A33 5G 6/128Gb White,24190.0,https://www.mvideo.ru/products/smartfon-samsung-galaxy-a33-5g-6-128gb-white-400018948
Смартфон Samsung Galaxy S22 (SM-S901B) 8/128Gb Phantom Black,57990.0,https://www.mvideo.ru/products/smartfon-samsung-galaxy-s22-sm-s901b-8-128gb-phantom-black-400030901
Смартфон Xiaomi Redmi 9A 32GB Granite Gray,5790.0,https://www.mvideo.ru/products/smartfon-xiaomi-redmi-9a-32gb-granite-gray-4205544
Смартфон Xiaomi Redmi 10C 3GB/64GB Graphite Gray,9790.0,https://www.mvideo.ru/products/smartfon-xiaomi-redmi-10c-3gb-64gb-graphite-gray-4205541
Смартфон Tecno Spark Go (2+32) Ice Silver,4890.0,https://www.mvideo.ru/products/smartfon-tecno-spark-go-232-ice-silver-4205523
Смартфон Xiaomi Redmi 10A 32GB Graphite Gray,7290.0,https://www.mvideo.ru/products/smartfon-xiaomi-redmi-10a-32gb-graphite-gray-4205538
Смартфон Xiaomi Redmi 10 2022 64GB Sea Blue,12790.0,https://www.mvideo.ru/products/smartfon-xiaomi-redmi-10-2022-64gb-sea-blue-4205536
Смартфон Infinix Smart 6 X6511 2/32Gb Black,5990.0,https://www.mvideo.ru/products/smartfon-infinix-smart-6-x6511-2-32gb-black-4205504
Смартфон Samsung Galaxy A53 5G 6/128GB Awesome Blue,28990.0,https://www.mvideo.ru/products/smartfon-samsung-galaxy-a53-5g-6-128gb-awesome-blue-400018776
Смартфон Samsung Galaxy A73 5G 8/128GB Awesome Mint,37990.0,https://www.mvideo.ru/products/smartfon-samsung-galaxy-a73-5g-8-128gb-awesome-mint-400018766
"Как новый Смартфон Apple iPhone 11 256GB Black,идеальный",48290.0,https://www.mvideo.ru/products/kak-novyi-smartfon-apple-iphone-11-256gb-blackidealnyi-4195127
Смартфон Samsung Galaxy A53 5G 6/128GB Awesome Black,28990.0,https://www.mvideo.ru/products/smartfon-samsung-galaxy-a53-5g-6-128gb-awesome-black-400018807
Смартфон Samsung Galaxy S22+ (SM-S906E) 8/256Gb Green,78990.0,https://www.mvideo.ru/products/smartfon-samsung-galaxy-s22-sm-s906e-8-256gb-green-400042327
Смартфон realme 10 RMX3630 8/128Gb Black,18990.0,https://www.mvideo.ru/products/smartfon-realme-10-rmx3630-8-128gb-black-400084556
Смартфон Tecno Camon 19 6/128Gb Green,15190.0,https://www.mvideo.ru/products/smartfon-tecno-camon-19-6-128gb-green-400007775
Смартфон realme Narzo 50i Prime 4/64GB Blue,8500.0,https://www.mvideo.ru/products/smartfon-realme-narzo-50i-prime-4-64gb-blue-400058354
Смартфон Samsung Galaxy A53 5G 8/128Gb Orange,31490.0,https://www.mvideo.ru/products/smartfon-samsung-galaxy-a53-5g-8-128gb-orange-400042316
Смартфон Xiaomi Redmi 10 2022 4/128Gb (NFC) Carbon,15790.0,https://www.mvideo.ru/products/smartfon-xiaomi-redmi-10-2022-4-128gb-nfc-carbon-400020222
Смартфон Xiaomi Redmi 9A 2/32Gb Glacial Blue,6490.0,https://www.mvideo.ru/products/smartfon-xiaomi-redmi-9a-2-32gb-glacial-blue-400020259
Смартфон Xiaomi Redmi 10 2022 4/64Gb (NFC) Carbon,14290.0,https://www.mvideo.ru/products/smartfon-xiaomi-redmi-10-2022-4-64gb-nfc-carbon-400020224
Смартфон Apple iPhone 14 Pro 512GB Gold,145990.0,https://www.mvideo.ru/products/smartfon-apple-iphone-14-pro-512gb-gold-400027316
Смартфон Apple iPhone 14 Pro 512GB Deep Purple,145990.0,https://www.mvideo.ru/products/smartfon-apple-iphone-14-pro-512gb-deep-purple-400033069
Смартфон Apple iPhone 14 Pro Max 128GB Gold,124990.0,https://www.mvideo.ru/products/smartfon-apple-iphone-14-pro-max-128gb-gold-400027287
Смартфон Apple iPhone 14 Pro 256GB Deep Purple,126990.0,https://www.mvideo.ru/products/smartfon-apple-iphone-14-pro-256gb-deep-purple-400026960
Смартфон Apple iPhone 14 Pro Max 512GB Space Black,163990.0,https://www.mvideo.ru/products/smartfon-apple-iphone-14-pro-max-512gb-space-black-400026940
Смартфон Apple iPhone 14 Pro Max 128GB Deep Purple,124990.0,https://www.mvideo.ru/products/smartfon-apple-iphone-14-pro-max-128gb-deep-purple-400026951
Смартфон Apple iPhone 14 Plus 128GB Midnight,93990.0,https://www.mvideo.ru/products/smartfon-apple-iphone-14-plus-128gb-midnight-400038698
Смартфон Honor X7 4/128GB Ocean Blue (CMA-LX1),14490.0,https://www.mvideo.ru/products/smartfon-honor-x7-4-128gb-ocean-blue-cma-lx1-400068037
Смартфон Itel Vision 3 3/64GB Deep Ocean Black,7990.0,https://www.mvideo.ru/products/smartfon-itel-vision-3-3-64gb-deep-ocean-black-400068041
Смартфон OPPO A17k (3+64) голубой,7790.0,https://www.mvideo.ru/products/smartfon-oppo-a17k-364-goluboi-400070992
Смартфон Tecno PHANTOM X2 8/256GB Stardust Grey,41890.0,https://www.mvideo.ru/products/smartfon-tecno-phantom-x2-8-256gb-stardust-grey-400070984
Смартфон TCL 30E Grey 6127I Space Gray 3/64GB,6990.0,https://www.mvideo.ru/products/smartfon-tcl-30e-grey-6127i-space-gray-3-64gb-400070987
Смартфон Tecno Pova 4 Pro 8/256GB Blue,21590.0,https://www.mvideo.ru/products/smartfon-tecno-pova-4-pro-8-256gb-blue-400058842
Смартфон Tecno Pova 4 Pro 8/256GB Grey,21590.0,https://www.mvideo.ru/products/smartfon-tecno-pova-4-pro-8-256gb-grey-400058837
Смартфон Xiaomi Redmi 10 4/128GB Blue,16490.0,https://www.mvideo.ru/products/smartfon-xiaomi-redmi-10-4-128gb-blue-400060438
Смартфон Samsung Galaxy A03s 3/32GB Black,8990.0,https://www.mvideo.ru/products/smartfon-samsung-galaxy-a03s-3-32gb-black-400089212
Смартфон Samsung Galaxy A03s 3/32GB Blue,8990.0,https://www.mvideo.ru/products/smartfon-samsung-galaxy-a03s-3-32gb-blue-400089213
Смартфон Google Pixel 7 8/128Gb Lemongrass,56890.0,https://www.mvideo.ru/products/smartfon-google-pixel-7-8-128gb-lemongrass-400053556
Смартфон Google Pixel 7 8/128Gb Obsidian,56490.0,https://www.mvideo.ru/products/smartfon-google-pixel-7-8-128gb-obsidian-400053584
Смартфон Google Pixel 7 8/128Gb Snow,57890.0,https://www.mvideo.ru/products/smartfon-google-pixel-7-8-128gb-snow-400053586
Смартфон Infinix Smart 6 HD 2/32Gb Black,6460.0,https://www.mvideo.ru/products/smartfon-infinix-smart-6-hd-2-32gb-black-400032468
Смартфон Infinix Smart 6 Plus 2/64Gb Blue,6700.0,https://www.mvideo.ru/products/smartfon-infinix-smart-6-plus-2-64gb-blue-400032469
Смартфон realme Narzo 50i Prime 4/64GB Green,8500.0,https://www.mvideo.ru/products/smartfon-realme-narzo-50i-prime-4-64gb-green-400058351
Смартфон POCO M5s 4/128Gb Blue,17690.0,https://www.mvideo.ru/products/smartfon-poco-m5s-4-128gb-blue-400036203
Смартфон Tecno Pova Neo 2 4/64Gb Grey,11790.0,https://www.mvideo.ru/products/smartfon-tecno-pova-neo-2-4-64gb-grey-400036204
Смартфон Itel A49 Sky Cyan,6490.0,https://www.mvideo.ru/products/smartfon-itel-a49-sky-cyan-400068036
Смартфон Itel A48 DS Green,4790.0,https://www.mvideo.ru/products/smartfon-itel-a48-ds-green-400068039
Смартфон Itel Vision 3 3/64GB Multicolor Green,7990.0,https://www.mvideo.ru/products/smartfon-itel-vision-3-3-64gb-multicolor-green-400068048
Смартфон HUAWEI Nova Y61 4/64GB Blue (EVE-LX9N),9890.0,https://www.mvideo.ru/products/smartfon-huawei-nova-y61-4-64gb-blue-eve-lx9n-400068045
Смартфон Samsung Galaxy A04 4/64GB зеленый,11290.0,https://www.mvideo.ru/products/smartfon-samsung-galaxy-a04-4-64gb-zelenyi-400095600
Смартфон Honor X8 5G 6/128GB Midnight Black,17990.0,https://www.mvideo.ru/products/smartfon-honor-x8-5g-6-128gb-midnight-black-400095325
Смартфон OnePlus Nord N20 SE 4/64GB Blue Oasis,12990.0,https://www.mvideo.ru/products/smartfon-oneplus-nord-n20-se-4-64gb-blue-oasis-400095326
Смартфон OnePlus 10T 5G 8/128GB Moonstone Black,55990.0,https://www.mvideo.ru/products/smartfon-oneplus-10t-5g-8-128gb-moonstone-black-400095324
Смартфон Apple iPhone 14 Pro Max 256GB Silver (sim+esim),130190.0,https://www.mvideo.ru/products/smartfon-apple-iphone-14-pro-max-256gb-silver-simesim-400096268
Смартфон Apple iPhone 14 Pro Max 256GB Space Black (sim+esim),130190.0,https://www.mvideo.ru/products/smartfon-apple-iphone-14-pro-max-256gb-space-black-simesim-400096266
Смартфон Samsung Galaxy A23 4/128GB Light Blue,18890.0,https://www.mvideo.ru/products/smartfon-samsung-galaxy-a23-4-128gb-light-blue-400096110
Смартфон Samsung Galaxy A04s 4/64GB медный,11890.0,https://www.mvideo.ru/products/smartfon-samsung-galaxy-a04s-4-64gb-mednyi-400095595
Смартфон Samsung Galaxy A04s 4/128GB зеленый,12890.0,https://www.mvideo.ru/products/smartfon-samsung-galaxy-a04s-4-128gb-zelenyi-400095592
Смартфон Samsung Galaxy A04s 4/128GB медный,12890.0,https://www.mvideo.ru/products/smartfon-samsung-galaxy-a04s-4-128gb-mednyi-400095593
